{"cameraMode":{"drawMode":0,"name":"Shaded","section":"Shading Mode"},"sceneLighting":true,"audioPlay":false,"sceneViewState":{"showFog":false,"showMaterialUpdate":true,"showSkybox":true,"showFlares":true,"showImageEffects":true,"showParticleSystems":true},"in2DMode":false,"pivot":{"x":10.912166595458985,"y":18.99289894104004,"z":-55.83913040161133},"rotation":{"x":0.04968731477856636,"y":0.909741222858429,"z":-0.11414843797683716,"w":0.3962121903896332},"size":56.93238067626953,"orthographic":false}